<?xml version="1.0" encoding="UTF-8"?>
<office:document-meta xmlns:meta="urn:oasis:names:tc:opendocument:xmlns:meta:1.0" xmlns:office="urn:oasis:names:tc:opendocument:xmlns:office:1.0" xmlns:grddl="http://www.w3.org/2003/g/data-view#" xmlns:ooo="http://openoffice.org/2004/office" xmlns:xlink="http://www.w3.org/1999/xlink" xmlns:dc="http://purl.org/dc/elements/1.1/" office:version="1.2"><office:meta><meta:initial-creator>François Bulot</meta:initial-creator><meta:creation-date>2020-09-11T13:31:03.464000000</meta:creation-date><dc:date>2021-04-15T10:22:02.192000000</dc:date><dc:creator>François Bulot</dc:creator><meta:editing-duration>PT4H50M26S</meta:editing-duration><meta:editing-cycles>47</meta:editing-cycles><meta:generator>LibreOffice/6.4.6.2$Windows_X86_64 LibreOffice_project/0ce51a4fd21bff07a5c061082cc82c5ed232f115</meta:generator><meta:document-statistic meta:table-count="11" meta:cell-count="598" meta:object-count="0"/></office:meta></office:document-meta>