<?xml version="1.0" encoding="UTF-8"?>
<office:document-styles xmlns:meta="urn:oasis:names:tc:opendocument:xmlns:meta:1.0" xmlns:office="urn:oasis:names:tc:opendocument:xmlns:office:1.0" xmlns:draw="urn:oasis:names:tc:opendocument:xmlns:drawing:1.0" xmlns:ooo="http://openoffice.org/2004/office" xmlns:fo="urn:oasis:names:tc:opendocument:xmlns:xsl-fo-compatible:1.0" xmlns:xlink="http://www.w3.org/1999/xlink" xmlns:dc="http://purl.org/dc/elements/1.1/" xmlns:style="urn:oasis:names:tc:opendocument:xmlns:style:1.0" xmlns:text="urn:oasis:names:tc:opendocument:xmlns:text:1.0" xmlns:dr3d="urn:oasis:names:tc:opendocument:xmlns:dr3d:1.0" xmlns:svg="urn:oasis:names:tc:opendocument:xmlns:svg-compatible:1.0" xmlns:chart="urn:oasis:names:tc:opendocument:xmlns:chart:1.0" xmlns:rpt="http://openoffice.org/2005/report" xmlns:table="urn:oasis:names:tc:opendocument:xmlns:table:1.0" xmlns:number="urn:oasis:names:tc:opendocument:xmlns:datastyle:1.0" xmlns:ooow="http://openoffice.org/2004/writer" xmlns:oooc="http://openoffice.org/2004/calc" xmlns:of="urn:oasis:names:tc:opendocument:xmlns:of:1.2" xmlns:css3t="http://www.w3.org/TR/css3-text/" xmlns:tableooo="http://openoffice.org/2009/table" xmlns:calcext="urn:org:documentfoundation:names:experimental:calc:xmlns:calcext:1.0" xmlns:drawooo="http://openoffice.org/2010/draw" xmlns:loext="urn:org:documentfoundation:names:experimental:office:xmlns:loext:1.0" xmlns:grddl="http://www.w3.org/2003/g/data-view#" xmlns:field="urn:openoffice:names:experimental:ooo-ms-interop:xmlns:field:1.0" xmlns:math="http://www.w3.org/1998/Math/MathML" xmlns:form="urn:oasis:names:tc:opendocument:xmlns:form:1.0" xmlns:script="urn:oasis:names:tc:opendocument:xmlns:script:1.0" xmlns:dom="http://www.w3.org/2001/xml-events" xmlns:xhtml="http://www.w3.org/1999/xhtml" xmlns:presentation="urn:oasis:names:tc:opendocument:xmlns:presentation:1.0" office:version="1.2"><office:font-face-decls><style:font-face style:name="Liberation Sans" svg:font-family="&apos;Liberation Sans&apos;" style:font-family-generic="swiss" style:font-pitch="variable"/><style:font-face style:name="Arial" svg:font-family="Arial" style:font-family-generic="system" style:font-pitch="variable"/><style:font-face style:name="Microsoft YaHei" svg:font-family="&apos;Microsoft YaHei&apos;" style:font-family-generic="system" style:font-pitch="variable"/><style:font-face style:name="Segoe UI" svg:font-family="&apos;Segoe UI&apos;" style:font-family-generic="system" style:font-pitch="variable"/><style:font-face style:name="Tahoma" svg:font-family="Tahoma" style:font-family-generic="system" style:font-pitch="variable"/></office:font-face-decls><office:styles><style:default-style style:family="table-cell"><style:paragraph-properties style:tab-stop-distance="1.25cm"/><style:text-properties style:font-name="Liberation Sans" fo:language="fr" fo:country="FR" style:font-name-asian="Segoe UI" style:language-asian="zh" style:country-asian="CN" style:font-name-complex="Tahoma" style:language-complex="hi" style:country-complex="IN"/></style:default-style><number:number-style style:name="N0"><number:number number:min-integer-digits="1"/></number:number-style><number:currency-style style:name="N108P0" style:volatile="true"><number:number number:decimal-places="2" loext:min-decimal-places="2" number:min-integer-digits="1" number:grouping="true"/><number:text> </number:text><number:currency-symbol number:language="fr" number:country="FR">€</number:currency-symbol></number:currency-style><number:currency-style style:name="N108"><style:text-properties fo:color="#ff0000"/><number:text>-</number:text><number:number number:decimal-places="2" loext:min-decimal-places="2" number:min-integer-digits="1" number:grouping="true"/><number:text> </number:text><number:currency-symbol number:language="fr" number:country="FR">€</number:currency-symbol><style:map style:condition="value()&gt;=0" style:apply-style-name="N108P0"/></number:currency-style><number:number-style style:name="N111P0" style:volatile="true"><number:number number:decimal-places="2" loext:min-decimal-places="2" number:min-integer-digits="1" number:grouping="true"/><number:text>    </number:text></number:number-style><number:number-style style:name="N111P1" style:volatile="true"><number:number number:decimal-places="2" loext:min-decimal-places="2" number:min-integer-digits="1" number:grouping="true"/><number:text>    </number:text></number:number-style><number:number-style style:name="N111P2" style:volatile="true"><number:text>-</number:text><number:number number:decimal-places="0" loext:min-decimal-places="0" number:min-integer-digits="0"/><number:text>    </number:text></number:number-style><number:text-style style:name="N111"><number:text-content/><number:text> </number:text><style:map style:condition="value()&gt;0" style:apply-style-name="N111P0"/><style:map style:condition="value()&lt;0" style:apply-style-name="N111P1"/><style:map style:condition="value()=0" style:apply-style-name="N111P2"/></number:text-style><number:number-style style:name="N113P0" style:volatile="true"><number:number number:decimal-places="0" loext:min-decimal-places="0" number:min-integer-digits="1" number:grouping="true"/><number:text> €</number:text></number:number-style><number:number-style style:name="N113"><number:text>-</number:text><number:number number:decimal-places="0" loext:min-decimal-places="0" number:min-integer-digits="1" number:grouping="true"/><number:text> €</number:text><style:map style:condition="value()&gt;=0" style:apply-style-name="N113P0"/></number:number-style><number:number-style style:name="N114P0" style:volatile="true"><number:number number:decimal-places="0" loext:min-decimal-places="0" number:min-integer-digits="1" number:grouping="true"/><number:text> €</number:text></number:number-style><number:number-style style:name="N114"><style:text-properties fo:color="#ff0000"/><number:text>-</number:text><number:number number:decimal-places="0" loext:min-decimal-places="0" number:min-integer-digits="1" number:grouping="true"/><number:text> €</number:text><style:map style:condition="value()&gt;=0" style:apply-style-name="N114P0"/></number:number-style><number:number-style style:name="N116P0" style:volatile="true"><number:number number:decimal-places="2" loext:min-decimal-places="2" number:min-integer-digits="1" number:grouping="true"/><number:text> €</number:text></number:number-style><number:number-style style:name="N116"><number:text>-</number:text><number:number number:decimal-places="2" loext:min-decimal-places="2" number:min-integer-digits="1" number:grouping="true"/><number:text> €</number:text><style:map style:condition="value()&gt;=0" style:apply-style-name="N116P0"/></number:number-style><number:number-style style:name="N117P0" style:volatile="true"><number:number number:decimal-places="2" loext:min-decimal-places="2" number:min-integer-digits="1" number:grouping="true"/><number:text> €</number:text></number:number-style><number:number-style style:name="N117"><style:text-properties fo:color="#ff0000"/><number:text>-</number:text><number:number number:decimal-places="2" loext:min-decimal-places="2" number:min-integer-digits="1" number:grouping="true"/><number:text> €</number:text><style:map style:condition="value()&gt;=0" style:apply-style-name="N117P0"/></number:number-style><number:number-style style:name="N120P0" style:volatile="true"><number:number number:decimal-places="0" loext:min-decimal-places="0" number:min-integer-digits="1" number:grouping="true"/><number:text>    </number:text></number:number-style><number:number-style style:name="N120P1" style:volatile="true"><number:number number:decimal-places="0" loext:min-decimal-places="0" number:min-integer-digits="1" number:grouping="true"/><number:text>    </number:text></number:number-style><number:number-style style:name="N120P2" style:volatile="true"><number:text>-    </number:text></number:number-style><number:text-style style:name="N120"><number:text-content/><number:text> </number:text><style:map style:condition="value()&gt;0" style:apply-style-name="N120P0"/><style:map style:condition="value()&lt;0" style:apply-style-name="N120P1"/><style:map style:condition="value()=0" style:apply-style-name="N120P2"/></number:text-style><number:number-style style:name="N123P0" style:volatile="true"><number:number number:decimal-places="0" loext:min-decimal-places="0" number:min-integer-digits="1" number:grouping="true"/><number:text> € </number:text></number:number-style><number:number-style style:name="N123P1" style:volatile="true"><number:number number:decimal-places="0" loext:min-decimal-places="0" number:min-integer-digits="1" number:grouping="true"/><number:text> € </number:text></number:number-style><number:number-style style:name="N123P2" style:volatile="true"><number:text>- € </number:text></number:number-style><number:text-style style:name="N123"><number:text-content/><number:text> </number:text><style:map style:condition="value()&gt;0" style:apply-style-name="N123P0"/><style:map style:condition="value()&lt;0" style:apply-style-name="N123P1"/><style:map style:condition="value()=0" style:apply-style-name="N123P2"/></number:text-style><number:number-style style:name="N126P0" style:volatile="true"><number:number number:decimal-places="2" loext:min-decimal-places="2" number:min-integer-digits="1" number:grouping="true"/><number:text> € </number:text></number:number-style><number:number-style style:name="N126P1" style:volatile="true"><number:number number:decimal-places="2" loext:min-decimal-places="2" number:min-integer-digits="1" number:grouping="true"/><number:text> € </number:text></number:number-style><number:number-style style:name="N126P2" style:volatile="true"><number:text>-</number:text><number:number number:decimal-places="0" loext:min-decimal-places="0" number:min-integer-digits="0"/><number:text> € </number:text></number:number-style><number:text-style style:name="N126"><number:text-content/><number:text> </number:text><style:map style:condition="value()&gt;0" style:apply-style-name="N126P0"/><style:map style:condition="value()&lt;0" style:apply-style-name="N126P1"/><style:map style:condition="value()=0" style:apply-style-name="N126P2"/></number:text-style><number:time-style style:name="N127"><number:minutes number:style="long"/><number:text>:</number:text><number:seconds number:style="long"/></number:time-style><number:time-style style:name="N128" number:truncate-on-overflow="false"><number:hours/><number:text>:</number:text><number:minutes number:style="long"/><number:text>:</number:text><number:seconds number:style="long"/></number:time-style><number:time-style style:name="N129"><number:minutes number:style="long"/><number:text>:</number:text><number:seconds number:style="long" number:decimal-places="1"/></number:time-style><number:number-style style:name="N130"><number:scientific-number number:decimal-places="1" loext:min-decimal-places="1" number:min-integer-digits="3" number:min-exponent-digits="1" loext:exponent-interval="3" loext:forced-exponent-sign="true"/></number:number-style><number:number-style style:name="N131"><number:scientific-number number:decimal-places="1" loext:min-decimal-places="1" number:min-integer-digits="1" number:min-exponent-digits="1" loext:exponent-interval="1" loext:forced-exponent-sign="true"/></number:number-style><number:currency-style style:name="N133P0" style:volatile="true"><number:number number:decimal-places="2" loext:min-decimal-places="2" number:min-integer-digits="1" number:grouping="true"/><number:text> </number:text><number:currency-symbol number:language="de" number:country="DE">€</number:currency-symbol></number:currency-style><number:currency-style style:name="N133"><style:text-properties fo:color="#ff0000"/><number:text>-</number:text><number:number number:decimal-places="2" loext:min-decimal-places="2" number:min-integer-digits="1" number:grouping="true"/><number:text> </number:text><number:currency-symbol number:language="de" number:country="DE">€</number:currency-symbol><style:map style:condition="value()&gt;=0" style:apply-style-name="N133P0"/></number:currency-style><number:number-style style:name="N135P0" style:volatile="true"><number:text>Vrai</number:text></number:number-style><number:number-style style:name="N135P1" style:volatile="true"><number:text>Vrai</number:text></number:number-style><number:number-style style:name="N135"><number:text>Faux</number:text><style:map style:condition="value()&gt;0" style:apply-style-name="N135P0"/><style:map style:condition="value()&lt;0" style:apply-style-name="N135P1"/></number:number-style><number:number-style style:name="N137P0" style:volatile="true"><number:text>Actif</number:text></number:number-style><number:number-style style:name="N137P1" style:volatile="true"><number:text>Actif</number:text></number:number-style><number:number-style style:name="N137"><number:text>Inactif</number:text><style:map style:condition="value()&gt;0" style:apply-style-name="N137P0"/><style:map style:condition="value()&lt;0" style:apply-style-name="N137P1"/></number:number-style><number:number-style style:name="N141P0" style:volatile="true"><number:text> </number:text><number:number number:decimal-places="0" loext:min-decimal-places="0" number:min-integer-digits="1" number:grouping="true"/><number:text>    </number:text></number:number-style><number:number-style style:name="N141P1" style:volatile="true"><number:text>-</number:text><number:number number:decimal-places="0" loext:min-decimal-places="0" number:min-integer-digits="1" number:grouping="true"/><number:text>    </number:text></number:number-style><number:number-style style:name="N141P2" style:volatile="true"><number:text> -    </number:text></number:number-style><number:text-style style:name="N141"><number:text-content/><number:text> </number:text><style:map style:condition="value()&gt;0" style:apply-style-name="N141P0"/><style:map style:condition="value()&lt;0" style:apply-style-name="N141P1"/><style:map style:condition="value()=0" style:apply-style-name="N141P2"/></number:text-style><number:number-style style:name="N145P0" style:volatile="true"><number:text> </number:text><number:number number:decimal-places="0" loext:min-decimal-places="0" number:min-integer-digits="1" number:grouping="true"/><number:text> € </number:text></number:number-style><number:number-style style:name="N145P1" style:volatile="true"><number:text>-</number:text><number:number number:decimal-places="0" loext:min-decimal-places="0" number:min-integer-digits="1" number:grouping="true"/><number:text> € </number:text></number:number-style><number:number-style style:name="N145P2" style:volatile="true"><number:text> - € </number:text></number:number-style><number:text-style style:name="N145"><number:text-content/><number:text> </number:text><style:map style:condition="value()&gt;0" style:apply-style-name="N145P0"/><style:map style:condition="value()&lt;0" style:apply-style-name="N145P1"/><style:map style:condition="value()=0" style:apply-style-name="N145P2"/></number:text-style><number:number-style style:name="N148P0" style:volatile="true"><number:text> </number:text><number:number number:decimal-places="2" loext:min-decimal-places="2" number:min-integer-digits="1" number:grouping="true"/><number:text>    </number:text></number:number-style><number:number-style style:name="N148P1" style:volatile="true"><number:text>-</number:text><number:number number:decimal-places="2" loext:min-decimal-places="2" number:min-integer-digits="1" number:grouping="true"/><number:text>    </number:text></number:number-style><number:number-style style:name="N148P2" style:volatile="true"><number:text>-</number:text><number:number number:decimal-places="0" loext:min-decimal-places="0" number:min-integer-digits="0"/><number:text>    </number:text></number:number-style><number:text-style style:name="N148"><number:text-content/><number:text> </number:text><style:map style:condition="value()&gt;0" style:apply-style-name="N148P0"/><style:map style:condition="value()&lt;0" style:apply-style-name="N148P1"/><style:map style:condition="value()=0" style:apply-style-name="N148P2"/></number:text-style><number:number-style style:name="N151P0" style:volatile="true"><number:text> </number:text><number:number number:decimal-places="2" loext:min-decimal-places="2" number:min-integer-digits="1" number:grouping="true"/><number:text> € </number:text></number:number-style><number:number-style style:name="N151P1" style:volatile="true"><number:text>-</number:text><number:number number:decimal-places="2" loext:min-decimal-places="2" number:min-integer-digits="1" number:grouping="true"/><number:text> € </number:text></number:number-style><number:number-style style:name="N151P2" style:volatile="true"><number:text>-</number:text><number:number number:decimal-places="0" loext:min-decimal-places="0" number:min-integer-digits="0"/><number:text> € </number:text></number:number-style><number:text-style style:name="N151"><number:text-content/><number:text> </number:text><style:map style:condition="value()&gt;0" style:apply-style-name="N151P0"/><style:map style:condition="value()&lt;0" style:apply-style-name="N151P1"/><style:map style:condition="value()=0" style:apply-style-name="N151P2"/></number:text-style><number:number-style style:name="N152"><number:number number:decimal-places="0" loext:min-decimal-places="0" number:min-integer-digits="0" number:grouping="true"/></number:number-style><number:number-style style:name="N153"><number:number number:decimal-places="1" loext:min-decimal-places="1" number:min-integer-digits="1"/></number:number-style><number:number-style style:name="N154"><number:number number:decimal-places="1" loext:min-decimal-places="1" number:min-integer-digits="1" number:grouping="true"/></number:number-style><number:number-style style:name="N156P0" style:volatile="true"><number:text>$</number:text><number:number number:decimal-places="0" loext:min-decimal-places="0" number:min-integer-digits="1" number:grouping="true"/><number:text> </number:text></number:number-style><number:number-style style:name="N156"><number:text>($</number:text><number:number number:decimal-places="0" loext:min-decimal-places="0" number:min-integer-digits="1" number:grouping="true"/><number:text>)</number:text><style:map style:condition="value()&gt;=0" style:apply-style-name="N156P0"/></number:number-style><number:number-style style:name="N157P0" style:volatile="true"><number:text>$</number:text><number:number number:decimal-places="0" loext:min-decimal-places="0" number:min-integer-digits="1" number:grouping="true"/><number:text> </number:text></number:number-style><number:number-style style:name="N157"><style:text-properties fo:color="#ff0000"/><number:text>($</number:text><number:number number:decimal-places="0" loext:min-decimal-places="0" number:min-integer-digits="1" number:grouping="true"/><number:text>)</number:text><style:map style:condition="value()&gt;=0" style:apply-style-name="N157P0"/></number:number-style><number:number-style style:name="N159P0" style:volatile="true"><number:text>$</number:text><number:number number:decimal-places="2" loext:min-decimal-places="2" number:min-integer-digits="1" number:grouping="true"/><number:text> </number:text></number:number-style><number:number-style style:name="N159"><number:text>($</number:text><number:number number:decimal-places="2" loext:min-decimal-places="2" number:min-integer-digits="1" number:grouping="true"/><number:text>)</number:text><style:map style:condition="value()&gt;=0" style:apply-style-name="N159P0"/></number:number-style><number:number-style style:name="N160P0" style:volatile="true"><number:text>$</number:text><number:number number:decimal-places="2" loext:min-decimal-places="2" number:min-integer-digits="1" number:grouping="true"/><number:text> </number:text></number:number-style><number:number-style style:name="N160"><style:text-properties fo:color="#ff0000"/><number:text>($</number:text><number:number number:decimal-places="2" loext:min-decimal-places="2" number:min-integer-digits="1" number:grouping="true"/><number:text>)</number:text><style:map style:condition="value()&gt;=0" style:apply-style-name="N160P0"/></number:number-style><number:number-style style:name="N164P0" style:volatile="true"><number:number number:decimal-places="0" loext:min-decimal-places="0" number:min-integer-digits="1" number:grouping="true"/><number:text> </number:text></number:number-style><number:number-style style:name="N164P1" style:volatile="true"><number:text>(</number:text><number:number number:decimal-places="0" loext:min-decimal-places="0" number:min-integer-digits="1" number:grouping="true"/><number:text>)</number:text></number:number-style><number:number-style style:name="N164P2" style:volatile="true"><number:text>- </number:text></number:number-style><number:text-style style:name="N164"><number:text-content/><number:text> </number:text><style:map style:condition="value()&gt;0" style:apply-style-name="N164P0"/><style:map style:condition="value()&lt;0" style:apply-style-name="N164P1"/><style:map style:condition="value()=0" style:apply-style-name="N164P2"/></number:text-style><number:number-style style:name="N168P0" style:volatile="true"><number:number number:decimal-places="2" loext:min-decimal-places="2" number:min-integer-digits="1" number:grouping="true"/><number:text> </number:text></number:number-style><number:number-style style:name="N168P1" style:volatile="true"><number:text>(</number:text><number:number number:decimal-places="2" loext:min-decimal-places="2" number:min-integer-digits="1" number:grouping="true"/><number:text>)</number:text></number:number-style><number:number-style style:name="N168P2" style:volatile="true"><number:text>-</number:text><number:number number:decimal-places="0" loext:min-decimal-places="0" number:min-integer-digits="0"/><number:text> </number:text></number:number-style><number:text-style style:name="N168"><number:text-content/><number:text> </number:text><style:map style:condition="value()&gt;0" style:apply-style-name="N168P0"/><style:map style:condition="value()&lt;0" style:apply-style-name="N168P1"/><style:map style:condition="value()=0" style:apply-style-name="N168P2"/></number:text-style><number:number-style style:name="N169"><number:number number:decimal-places="3" loext:min-decimal-places="3" number:min-integer-digits="1" number:grouping="true"/></number:number-style><number:number-style style:name="N170"><number:number number:decimal-places="3" loext:min-decimal-places="3" number:min-integer-digits="1"/></number:number-style><number:number-style style:name="N174P0" style:volatile="true"><loext:text> </loext:text><loext:fill-character> </loext:fill-character><number:number number:decimal-places="2" loext:min-decimal-places="2" number:min-integer-digits="1" number:grouping="true"/><number:text>    </number:text></number:number-style><number:number-style style:name="N174P1" style:volatile="true"><loext:text>-</loext:text><loext:fill-character> </loext:fill-character><number:number number:decimal-places="2" loext:min-decimal-places="2" number:min-integer-digits="1" number:grouping="true"/><number:text>    </number:text></number:number-style><number:number-style style:name="N174P2" style:volatile="true"><loext:text> </loext:text><loext:fill-character> </loext:fill-character><number:text>-</number:text><number:number number:decimal-places="0" loext:min-decimal-places="0" number:min-integer-digits="0"/><number:text>    </number:text></number:number-style><number:text-style style:name="N174"><number:text> </number:text><number:text-content/><number:text> </number:text><style:map style:condition="value()&gt;0" style:apply-style-name="N174P0"/><style:map style:condition="value()&lt;0" style:apply-style-name="N174P1"/><style:map style:condition="value()=0" style:apply-style-name="N174P2"/></number:text-style><number:number-style style:name="N178P0" style:volatile="true"><loext:text> </loext:text><loext:fill-character> </loext:fill-character><number:number number:decimal-places="0" loext:min-decimal-places="0" number:min-integer-digits="1" number:grouping="true"/><number:text>    </number:text></number:number-style><number:number-style style:name="N178P1" style:volatile="true"><loext:text>-</loext:text><loext:fill-character> </loext:fill-character><number:number number:decimal-places="0" loext:min-decimal-places="0" number:min-integer-digits="1" number:grouping="true"/><number:text>    </number:text></number:number-style><number:number-style style:name="N178P2" style:volatile="true"><loext:text> </loext:text><loext:fill-character> </loext:fill-character><number:text>-    </number:text></number:number-style><number:text-style style:name="N178"><number:text-content/><number:text> </number:text><style:map style:condition="value()&gt;0" style:apply-style-name="N178P0"/><style:map style:condition="value()&lt;0" style:apply-style-name="N178P1"/><style:map style:condition="value()=0" style:apply-style-name="N178P2"/></number:text-style><number:number-style style:name="N182P0" style:volatile="true"><loext:text> </loext:text><loext:fill-character> </loext:fill-character><number:number number:decimal-places="0" loext:min-decimal-places="0" number:min-integer-digits="1" number:grouping="true"/><number:text> € </number:text></number:number-style><number:number-style style:name="N182P1" style:volatile="true"><loext:text>-</loext:text><loext:fill-character> </loext:fill-character><number:number number:decimal-places="0" loext:min-decimal-places="0" number:min-integer-digits="1" number:grouping="true"/><number:text> € </number:text></number:number-style><number:number-style style:name="N182P2" style:volatile="true"><loext:text> </loext:text><loext:fill-character> </loext:fill-character><number:text>- € </number:text></number:number-style><number:text-style style:name="N182"><number:text-content/><number:text> </number:text><style:map style:condition="value()&gt;0" style:apply-style-name="N182P0"/><style:map style:condition="value()&lt;0" style:apply-style-name="N182P1"/><style:map style:condition="value()=0" style:apply-style-name="N182P2"/></number:text-style><number:number-style style:name="N183P0" style:volatile="true"><loext:text> </loext:text><loext:fill-character> </loext:fill-character><number:number number:decimal-places="2" loext:min-decimal-places="2" number:min-integer-digits="1" number:grouping="true"/><number:text>    </number:text></number:number-style><number:number-style style:name="N183P1" style:volatile="true"><loext:text>-</loext:text><loext:fill-character> </loext:fill-character><number:number number:decimal-places="2" loext:min-decimal-places="2" number:min-integer-digits="1" number:grouping="true"/><number:text>    </number:text></number:number-style><number:number-style style:name="N183P2" style:volatile="true"><loext:text> </loext:text><loext:fill-character> </loext:fill-character><number:text>-</number:text><number:number number:decimal-places="0" loext:min-decimal-places="0" number:min-integer-digits="0"/><number:text>    </number:text></number:number-style><number:text-style style:name="N183"><number:text-content/><number:text> </number:text><style:map style:condition="value()&gt;0" style:apply-style-name="N183P0"/><style:map style:condition="value()&lt;0" style:apply-style-name="N183P1"/><style:map style:condition="value()=0" style:apply-style-name="N183P2"/></number:text-style><number:number-style style:name="N187P0" style:volatile="true"><loext:text> </loext:text><loext:fill-character> </loext:fill-character><number:number number:decimal-places="2" loext:min-decimal-places="2" number:min-integer-digits="1" number:grouping="true"/><number:text> € </number:text></number:number-style><number:number-style style:name="N187P1" style:volatile="true"><loext:text>-</loext:text><loext:fill-character> </loext:fill-character><number:number number:decimal-places="2" loext:min-decimal-places="2" number:min-integer-digits="1" number:grouping="true"/><number:text> € </number:text></number:number-style><number:number-style style:name="N187P2" style:volatile="true"><loext:text> </loext:text><loext:fill-character> </loext:fill-character><number:text>-</number:text><number:number number:decimal-places="0" loext:min-decimal-places="0" number:min-integer-digits="0"/><number:text> € </number:text></number:number-style><number:text-style style:name="N187"><number:text-content/><number:text> </number:text><style:map style:condition="value()&gt;0" style:apply-style-name="N187P0"/><style:map style:condition="value()&lt;0" style:apply-style-name="N187P1"/><style:map style:condition="value()=0" style:apply-style-name="N187P2"/></number:text-style><number:number-style style:name="N188P0" style:volatile="true"><loext:text> </loext:text><loext:fill-character> </loext:fill-character><number:number number:decimal-places="0" loext:min-decimal-places="0" number:min-integer-digits="1" number:grouping="true"/><number:text>    </number:text></number:number-style><number:number-style style:name="N188P1" style:volatile="true"><loext:text>-</loext:text><loext:fill-character> </loext:fill-character><number:number number:decimal-places="0" loext:min-decimal-places="0" number:min-integer-digits="1" number:grouping="true"/><number:text>    </number:text></number:number-style><number:number-style style:name="N188P2" style:volatile="true"><loext:text> </loext:text><loext:fill-character> </loext:fill-character><number:text>-    </number:text></number:number-style><number:text-style style:name="N188"><number:text> </number:text><number:text-content/><number:text> </number:text><style:map style:condition="value()&gt;0" style:apply-style-name="N188P0"/><style:map style:condition="value()&lt;0" style:apply-style-name="N188P1"/><style:map style:condition="value()=0" style:apply-style-name="N188P2"/></number:text-style><number:number-style style:name="N189P0" style:volatile="true"><loext:text> </loext:text><loext:fill-character> </loext:fill-character><number:number number:decimal-places="0" loext:min-decimal-places="0" number:min-integer-digits="1" number:grouping="true"/><number:text> € </number:text></number:number-style><number:number-style style:name="N189P1" style:volatile="true"><loext:text>-</loext:text><loext:fill-character> </loext:fill-character><number:number number:decimal-places="0" loext:min-decimal-places="0" number:min-integer-digits="1" number:grouping="true"/><number:text> € </number:text></number:number-style><number:number-style style:name="N189P2" style:volatile="true"><loext:text> </loext:text><loext:fill-character> </loext:fill-character><number:text>- € </number:text></number:number-style><number:text-style style:name="N189"><number:text> </number:text><number:text-content/><number:text> </number:text><style:map style:condition="value()&gt;0" style:apply-style-name="N189P0"/><style:map style:condition="value()&lt;0" style:apply-style-name="N189P1"/><style:map style:condition="value()=0" style:apply-style-name="N189P2"/></number:text-style><number:number-style style:name="N190P0" style:volatile="true"><loext:text> </loext:text><loext:fill-character> </loext:fill-character><number:number number:decimal-places="2" loext:min-decimal-places="2" number:min-integer-digits="1" number:grouping="true"/><number:text> € </number:text></number:number-style><number:number-style style:name="N190P1" style:volatile="true"><loext:text>-</loext:text><loext:fill-character> </loext:fill-character><number:number number:decimal-places="2" loext:min-decimal-places="2" number:min-integer-digits="1" number:grouping="true"/><number:text> € </number:text></number:number-style><number:number-style style:name="N190P2" style:volatile="true"><loext:text> </loext:text><loext:fill-character> </loext:fill-character><number:text>-</number:text><number:number number:decimal-places="0" loext:min-decimal-places="0" number:min-integer-digits="0"/><number:text> € </number:text></number:number-style><number:text-style style:name="N190"><number:text> </number:text><number:text-content/><number:text> </number:text><style:map style:condition="value()&gt;0" style:apply-style-name="N190P0"/><style:map style:condition="value()&lt;0" style:apply-style-name="N190P1"/><style:map style:condition="value()=0" style:apply-style-name="N190P2"/></number:text-style><number:number-style style:name="N191"><number:scientific-number number:decimal-places="1" loext:min-decimal-places="1" number:min-integer-digits="1" number:min-exponent-digits="1" loext:exponent-interval="3" loext:forced-exponent-sign="true"/></number:number-style><number:percentage-style style:name="N192"><number:number number:decimal-places="0" loext:min-decimal-places="0" number:min-integer-digits="1"/><number:text>%</number:text></number:percentage-style><number:number-style style:name="N196P0" style:volatile="true"><loext:text> $</loext:text><loext:fill-character> </loext:fill-character><number:number number:decimal-places="0" loext:min-decimal-places="0" number:min-integer-digits="1" number:grouping="true"/><number:text> </number:text></number:number-style><number:number-style style:name="N196P1" style:volatile="true"><loext:text> $</loext:text><loext:fill-character> </loext:fill-character><number:text>(</number:text><number:number number:decimal-places="0" loext:min-decimal-places="0" number:min-integer-digits="1" number:grouping="true"/><number:text>)</number:text></number:number-style><number:number-style style:name="N196P2" style:volatile="true"><loext:text> $</loext:text><loext:fill-character> </loext:fill-character><number:text>- </number:text></number:number-style><number:text-style style:name="N196"><number:text> </number:text><number:text-content/><number:text> </number:text><style:map style:condition="value()&gt;0" style:apply-style-name="N196P0"/><style:map style:condition="value()&lt;0" style:apply-style-name="N196P1"/><style:map style:condition="value()=0" style:apply-style-name="N196P2"/></number:text-style><number:number-style style:name="N200P0" style:volatile="true"><loext:text> </loext:text><loext:fill-character> </loext:fill-character><number:number number:decimal-places="0" loext:min-decimal-places="0" number:min-integer-digits="1" number:grouping="true"/><number:text> </number:text></number:number-style><number:number-style style:name="N200P1" style:volatile="true"><loext:text> </loext:text><loext:fill-character> </loext:fill-character><number:text>(</number:text><number:number number:decimal-places="0" loext:min-decimal-places="0" number:min-integer-digits="1" number:grouping="true"/><number:text>)</number:text></number:number-style><number:number-style style:name="N200P2" style:volatile="true"><loext:text> </loext:text><loext:fill-character> </loext:fill-character><number:text>- </number:text></number:number-style><number:text-style style:name="N200"><number:text> </number:text><number:text-content/><number:text> </number:text><style:map style:condition="value()&gt;0" style:apply-style-name="N200P0"/><style:map style:condition="value()&lt;0" style:apply-style-name="N200P1"/><style:map style:condition="value()=0" style:apply-style-name="N200P2"/></number:text-style><number:number-style style:name="N204P0" style:volatile="true"><loext:text> $</loext:text><loext:fill-character> </loext:fill-character><number:number number:decimal-places="2" loext:min-decimal-places="2" number:min-integer-digits="1" number:grouping="true"/><number:text> </number:text></number:number-style><number:number-style style:name="N204P1" style:volatile="true"><loext:text> $</loext:text><loext:fill-character> </loext:fill-character><number:text>(</number:text><number:number number:decimal-places="2" loext:min-decimal-places="2" number:min-integer-digits="1" number:grouping="true"/><number:text>)</number:text></number:number-style><number:number-style style:name="N204P2" style:volatile="true"><loext:text> $</loext:text><loext:fill-character> </loext:fill-character><number:text>-</number:text><number:number number:decimal-places="0" loext:min-decimal-places="0" number:min-integer-digits="0"/><number:text> </number:text></number:number-style><number:text-style style:name="N204"><number:text> </number:text><number:text-content/><number:text> </number:text><style:map style:condition="value()&gt;0" style:apply-style-name="N204P0"/><style:map style:condition="value()&lt;0" style:apply-style-name="N204P1"/><style:map style:condition="value()=0" style:apply-style-name="N204P2"/></number:text-style><number:number-style style:name="N208P0" style:volatile="true"><loext:text> </loext:text><loext:fill-character> </loext:fill-character><number:number number:decimal-places="2" loext:min-decimal-places="2" number:min-integer-digits="1" number:grouping="true"/><number:text> </number:text></number:number-style><number:number-style style:name="N208P1" style:volatile="true"><loext:text> </loext:text><loext:fill-character> </loext:fill-character><number:text>(</number:text><number:number number:decimal-places="2" loext:min-decimal-places="2" number:min-integer-digits="1" number:grouping="true"/><number:text>)</number:text></number:number-style><number:number-style style:name="N208P2" style:volatile="true"><loext:text> </loext:text><loext:fill-character> </loext:fill-character><number:text>-</number:text><number:number number:decimal-places="0" loext:min-decimal-places="0" number:min-integer-digits="0"/><number:text> </number:text></number:number-style><number:text-style style:name="N208"><number:text> </number:text><number:text-content/><number:text> </number:text><style:map style:condition="value()&gt;0" style:apply-style-name="N208P0"/><style:map style:condition="value()&lt;0" style:apply-style-name="N208P1"/><style:map style:condition="value()=0" style:apply-style-name="N208P2"/></number:text-style><number:percentage-style style:name="N209"><number:number number:decimal-places="1" loext:min-decimal-places="1" number:min-integer-digits="1"/><number:text>%</number:text></number:percentage-style><number:number-style style:name="N212P0" style:volatile="true"><loext:fill-character> </loext:fill-character><number:number number:decimal-places="0" loext:min-decimal-places="0" number:min-integer-digits="1" number:grouping="true"/><number:text>    </number:text></number:number-style><number:number-style style:name="N212P1" style:volatile="true"><loext:fill-character> </loext:fill-character><number:number number:decimal-places="0" loext:min-decimal-places="0" number:min-integer-digits="1" number:grouping="true"/><number:text>    </number:text></number:number-style><number:number-style style:name="N212P2" style:volatile="true"><loext:fill-character> </loext:fill-character><number:text>-    </number:text></number:number-style><number:text-style style:name="N212"><number:text-content/><number:text> </number:text><style:map style:condition="value()&gt;0" style:apply-style-name="N212P0"/><style:map style:condition="value()&lt;0" style:apply-style-name="N212P1"/><style:map style:condition="value()=0" style:apply-style-name="N212P2"/></number:text-style><number:number-style style:name="N215P0" style:volatile="true"><loext:fill-character> </loext:fill-character><number:number number:decimal-places="0" loext:min-decimal-places="0" number:min-integer-digits="1" number:grouping="true"/><number:text> € </number:text></number:number-style><number:number-style style:name="N215P1" style:volatile="true"><loext:fill-character> </loext:fill-character><number:number number:decimal-places="0" loext:min-decimal-places="0" number:min-integer-digits="1" number:grouping="true"/><number:text> € </number:text></number:number-style><number:number-style style:name="N215P2" style:volatile="true"><loext:fill-character> </loext:fill-character><number:text>- € </number:text></number:number-style><number:text-style style:name="N215"><number:text-content/><number:text> </number:text><style:map style:condition="value()&gt;0" style:apply-style-name="N215P0"/><style:map style:condition="value()&lt;0" style:apply-style-name="N215P1"/><style:map style:condition="value()=0" style:apply-style-name="N215P2"/></number:text-style><number:number-style style:name="N218P0" style:volatile="true"><loext:fill-character> </loext:fill-character><number:number number:decimal-places="2" loext:min-decimal-places="2" number:min-integer-digits="1" number:grouping="true"/><number:text>    </number:text></number:number-style><number:number-style style:name="N218P1" style:volatile="true"><loext:fill-character> </loext:fill-character><number:number number:decimal-places="2" loext:min-decimal-places="2" number:min-integer-digits="1" number:grouping="true"/><number:text>    </number:text></number:number-style><number:number-style style:name="N218P2" style:volatile="true"><loext:fill-character> </loext:fill-character><number:text>-</number:text><number:number number:decimal-places="0" loext:min-decimal-places="0" number:min-integer-digits="0"/><number:text>    </number:text></number:number-style><number:text-style style:name="N218"><number:text-content/><number:text> </number:text><style:map style:condition="value()&gt;0" style:apply-style-name="N218P0"/><style:map style:condition="value()&lt;0" style:apply-style-name="N218P1"/><style:map style:condition="value()=0" style:apply-style-name="N218P2"/></number:text-style><number:number-style style:name="N221P0" style:volatile="true"><loext:fill-character> </loext:fill-character><number:number number:decimal-places="2" loext:min-decimal-places="2" number:min-integer-digits="1" number:grouping="true"/><number:text> € </number:text></number:number-style><number:number-style style:name="N221P1" style:volatile="true"><loext:fill-character> </loext:fill-character><number:number number:decimal-places="2" loext:min-decimal-places="2" number:min-integer-digits="1" number:grouping="true"/><number:text> € </number:text></number:number-style><number:number-style style:name="N221P2" style:volatile="true"><loext:fill-character> </loext:fill-character><number:text>-</number:text><number:number number:decimal-places="0" loext:min-decimal-places="0" number:min-integer-digits="0"/><number:text> € </number:text></number:number-style><number:text-style style:name="N221"><number:text-content/><number:text> </number:text><style:map style:condition="value()&gt;0" style:apply-style-name="N221P0"/><style:map style:condition="value()&lt;0" style:apply-style-name="N221P1"/><style:map style:condition="value()=0" style:apply-style-name="N221P2"/></number:text-style><number:date-style style:name="N222"><number:day number:style="long"/><number:text>-</number:text><number:month number:textual="true"/><number:text>-</number:text><number:year/></number:date-style><number:date-style style:name="N223"><number:day number:style="long"/><number:text>-</number:text><number:month number:textual="true"/></number:date-style><number:date-style style:name="N224"><number:day/><number:text>-</number:text><number:month number:textual="true"/><number:text>-</number:text><number:year number:style="long"/></number:date-style><number:number-style style:name="N225P0" style:volatile="true"><loext:fill-character> </loext:fill-character><number:number number:decimal-places="0" loext:min-decimal-places="0" number:min-integer-digits="1" number:grouping="true"/><number:text>    </number:text></number:number-style><number:number-style style:name="N225P1" style:volatile="true"><loext:text>-</loext:text><loext:fill-character> </loext:fill-character><number:number number:decimal-places="0" loext:min-decimal-places="0" number:min-integer-digits="1" number:grouping="true"/><number:text>    </number:text></number:number-style><number:number-style style:name="N225P2" style:volatile="true"><loext:fill-character> </loext:fill-character><number:text>-    </number:text></number:number-style><number:text-style style:name="N225"><number:text-content/><number:text> </number:text><style:map style:condition="value()&gt;0" style:apply-style-name="N225P0"/><style:map style:condition="value()&lt;0" style:apply-style-name="N225P1"/><style:map style:condition="value()=0" style:apply-style-name="N225P2"/></number:text-style><number:number-style style:name="N226P0" style:volatile="true"><loext:fill-character> </loext:fill-character><number:number number:decimal-places="0" loext:min-decimal-places="0" number:min-integer-digits="1" number:grouping="true"/><number:text> € </number:text></number:number-style><number:number-style style:name="N226P1" style:volatile="true"><loext:text>-</loext:text><loext:fill-character> </loext:fill-character><number:number number:decimal-places="0" loext:min-decimal-places="0" number:min-integer-digits="1" number:grouping="true"/><number:text> € </number:text></number:number-style><number:number-style style:name="N226P2" style:volatile="true"><loext:fill-character> </loext:fill-character><number:text>- € </number:text></number:number-style><number:text-style style:name="N226"><number:text-content/><number:text> </number:text><style:map style:condition="value()&gt;0" style:apply-style-name="N226P0"/><style:map style:condition="value()&lt;0" style:apply-style-name="N226P1"/><style:map style:condition="value()=0" style:apply-style-name="N226P2"/></number:text-style><number:number-style style:name="N227P0" style:volatile="true"><loext:fill-character> </loext:fill-character><number:number number:decimal-places="2" loext:min-decimal-places="2" number:min-integer-digits="1" number:grouping="true"/><number:text>    </number:text></number:number-style><number:number-style style:name="N227P1" style:volatile="true"><loext:text>-</loext:text><loext:fill-character> </loext:fill-character><number:number number:decimal-places="2" loext:min-decimal-places="2" number:min-integer-digits="1" number:grouping="true"/><number:text>    </number:text></number:number-style><number:number-style style:name="N227P2" style:volatile="true"><loext:fill-character> </loext:fill-character><number:text>-</number:text><number:number number:decimal-places="0" loext:min-decimal-places="0" number:min-integer-digits="0"/><number:text>    </number:text></number:number-style><number:text-style style:name="N227"><number:text-content/><number:text> </number:text><style:map style:condition="value()&gt;0" style:apply-style-name="N227P0"/><style:map style:condition="value()&lt;0" style:apply-style-name="N227P1"/><style:map style:condition="value()=0" style:apply-style-name="N227P2"/></number:text-style><number:number-style style:name="N228P0" style:volatile="true"><loext:fill-character> </loext:fill-character><number:number number:decimal-places="2" loext:min-decimal-places="2" number:min-integer-digits="1" number:grouping="true"/><number:text> € </number:text></number:number-style><number:number-style style:name="N228P1" style:volatile="true"><loext:text>-</loext:text><loext:fill-character> </loext:fill-character><number:number number:decimal-places="2" loext:min-decimal-places="2" number:min-integer-digits="1" number:grouping="true"/><number:text> € </number:text></number:number-style><number:number-style style:name="N228P2" style:volatile="true"><loext:fill-character> </loext:fill-character><number:text>-</number:text><number:number number:decimal-places="0" loext:min-decimal-places="0" number:min-integer-digits="0"/><number:text> € </number:text></number:number-style><number:text-style style:name="N228"><number:text-content/><number:text> </number:text><style:map style:condition="value()&gt;0" style:apply-style-name="N228P0"/><style:map style:condition="value()&lt;0" style:apply-style-name="N228P1"/><style:map style:condition="value()=0" style:apply-style-name="N228P2"/></number:text-style><number:number-style style:name="N230P0" style:volatile="true"><number:number number:decimal-places="0" loext:min-decimal-places="0" number:min-integer-digits="1" number:grouping="true"/><number:text> F</number:text></number:number-style><number:number-style style:name="N230"><number:text>-</number:text><number:number number:decimal-places="0" loext:min-decimal-places="0" number:min-integer-digits="1" number:grouping="true"/><number:text> F</number:text><style:map style:condition="value()&gt;=0" style:apply-style-name="N230P0"/></number:number-style><number:number-style style:name="N231P0" style:volatile="true"><number:number number:decimal-places="0" loext:min-decimal-places="0" number:min-integer-digits="1" number:grouping="true"/><number:text> F</number:text></number:number-style><number:number-style style:name="N231"><style:text-properties fo:color="#ff0000"/><number:text>-</number:text><number:number number:decimal-places="0" loext:min-decimal-places="0" number:min-integer-digits="1" number:grouping="true"/><number:text> F</number:text><style:map style:condition="value()&gt;=0" style:apply-style-name="N231P0"/></number:number-style><number:number-style style:name="N233P0" style:volatile="true"><number:number number:decimal-places="2" loext:min-decimal-places="2" number:min-integer-digits="1" number:grouping="true"/><number:text> F</number:text></number:number-style><number:number-style style:name="N233"><number:text>-</number:text><number:number number:decimal-places="2" loext:min-decimal-places="2" number:min-integer-digits="1" number:grouping="true"/><number:text> F</number:text><style:map style:condition="value()&gt;=0" style:apply-style-name="N233P0"/></number:number-style><number:number-style style:name="N234P0" style:volatile="true"><number:number number:decimal-places="2" loext:min-decimal-places="2" number:min-integer-digits="1" number:grouping="true"/><number:text> F</number:text></number:number-style><number:number-style style:name="N234"><style:text-properties fo:color="#ff0000"/><number:text>-</number:text><number:number number:decimal-places="2" loext:min-decimal-places="2" number:min-integer-digits="1" number:grouping="true"/><number:text> F</number:text><style:map style:condition="value()&gt;=0" style:apply-style-name="N234P0"/></number:number-style><number:number-style style:name="N238P0" style:volatile="true"><loext:text> </loext:text><loext:fill-character> </loext:fill-character><number:number number:decimal-places="0" loext:min-decimal-places="0" number:min-integer-digits="1" number:grouping="true"/><number:text> F </number:text></number:number-style><number:number-style style:name="N238P1" style:volatile="true"><loext:text>-</loext:text><loext:fill-character> </loext:fill-character><number:number number:decimal-places="0" loext:min-decimal-places="0" number:min-integer-digits="1" number:grouping="true"/><number:text> F </number:text></number:number-style><number:number-style style:name="N238P2" style:volatile="true"><loext:text> </loext:text><loext:fill-character> </loext:fill-character><number:text>- F </number:text></number:number-style><number:text-style style:name="N238"><number:text> </number:text><number:text-content/><number:text> </number:text><style:map style:condition="value()&gt;0" style:apply-style-name="N238P0"/><style:map style:condition="value()&lt;0" style:apply-style-name="N238P1"/><style:map style:condition="value()=0" style:apply-style-name="N238P2"/></number:text-style><number:number-style style:name="N242P0" style:volatile="true"><loext:text> </loext:text><loext:fill-character> </loext:fill-character><number:number number:decimal-places="2" loext:min-decimal-places="2" number:min-integer-digits="1" number:grouping="true"/><number:text> F </number:text></number:number-style><number:number-style style:name="N242P1" style:volatile="true"><loext:text>-</loext:text><loext:fill-character> </loext:fill-character><number:number number:decimal-places="2" loext:min-decimal-places="2" number:min-integer-digits="1" number:grouping="true"/><number:text> F </number:text></number:number-style><number:number-style style:name="N242P2" style:volatile="true"><loext:text> </loext:text><loext:fill-character> </loext:fill-character><number:text>-</number:text><number:number number:decimal-places="0" loext:min-decimal-places="0" number:min-integer-digits="0"/><number:text> F </number:text></number:number-style><number:text-style style:name="N242"><number:text> </number:text><number:text-content/><number:text> </number:text><style:map style:condition="value()&gt;0" style:apply-style-name="N242P0"/><style:map style:condition="value()&lt;0" style:apply-style-name="N242P1"/><style:map style:condition="value()=0" style:apply-style-name="N242P2"/></number:text-style><number:number-style style:name="N243"><number:number number:decimal-places="0" loext:min-decimal-places="0" number:min-integer-digits="3"/></number:number-style><number:number-style style:name="N244P0" style:volatile="true"><loext:text> </loext:text><loext:fill-character> </loext:fill-character><number:number number:decimal-places="0" loext:min-decimal-places="0" number:min-integer-digits="1" number:grouping="true"/><number:text> F </number:text></number:number-style><number:number-style style:name="N244P1" style:volatile="true"><loext:text>-</loext:text><loext:fill-character> </loext:fill-character><number:number number:decimal-places="0" loext:min-decimal-places="0" number:min-integer-digits="1" number:grouping="true"/><number:text> F </number:text></number:number-style><number:number-style style:name="N244P2" style:volatile="true"><loext:text> </loext:text><loext:fill-character> </loext:fill-character><number:text>- F </number:text></number:number-style><number:text-style style:name="N244"><number:text-content/><number:text> </number:text><style:map style:condition="value()&gt;0" style:apply-style-name="N244P0"/><style:map style:condition="value()&lt;0" style:apply-style-name="N244P1"/><style:map style:condition="value()=0" style:apply-style-name="N244P2"/></number:text-style><number:number-style style:name="N245P0" style:volatile="true"><loext:text> </loext:text><loext:fill-character> </loext:fill-character><number:number number:decimal-places="2" loext:min-decimal-places="2" number:min-integer-digits="1" number:grouping="true"/><number:text> F </number:text></number:number-style><number:number-style style:name="N245P1" style:volatile="true"><loext:text>-</loext:text><loext:fill-character> </loext:fill-character><number:number number:decimal-places="2" loext:min-decimal-places="2" number:min-integer-digits="1" number:grouping="true"/><number:text> F </number:text></number:number-style><number:number-style style:name="N245P2" style:volatile="true"><loext:text> </loext:text><loext:fill-character> </loext:fill-character><number:text>-</number:text><number:number number:decimal-places="0" loext:min-decimal-places="0" number:min-integer-digits="0"/><number:text> F </number:text></number:number-style><number:text-style style:name="N245"><number:text-content/><number:text> </number:text><style:map style:condition="value()&gt;0" style:apply-style-name="N245P0"/><style:map style:condition="value()&lt;0" style:apply-style-name="N245P1"/><style:map style:condition="value()=0" style:apply-style-name="N245P2"/></number:text-style><number:number-style style:name="N246P0" style:volatile="true"><loext:text> $</loext:text><loext:fill-character> </loext:fill-character><number:number number:decimal-places="0" loext:min-decimal-places="0" number:min-integer-digits="1" number:grouping="true"/><number:text> </number:text></number:number-style><number:number-style style:name="N246P1" style:volatile="true"><loext:text> $</loext:text><loext:fill-character> </loext:fill-character><number:text>(</number:text><number:number number:decimal-places="0" loext:min-decimal-places="0" number:min-integer-digits="1" number:grouping="true"/><number:text>)</number:text></number:number-style><number:number-style style:name="N246P2" style:volatile="true"><loext:text> $</loext:text><loext:fill-character> </loext:fill-character><number:text>- </number:text></number:number-style><number:text-style style:name="N246"><number:text-content/><number:text> </number:text><style:map style:condition="value()&gt;0" style:apply-style-name="N246P0"/><style:map style:condition="value()&lt;0" style:apply-style-name="N246P1"/><style:map style:condition="value()=0" style:apply-style-name="N246P2"/></number:text-style><number:number-style style:name="N247P0" style:volatile="true"><loext:text> </loext:text><loext:fill-character> </loext:fill-character><number:number number:decimal-places="0" loext:min-decimal-places="0" number:min-integer-digits="1" number:grouping="true"/><number:text> </number:text></number:number-style><number:number-style style:name="N247P1" style:volatile="true"><loext:text> </loext:text><loext:fill-character> </loext:fill-character><number:text>(</number:text><number:number number:decimal-places="0" loext:min-decimal-places="0" number:min-integer-digits="1" number:grouping="true"/><number:text>)</number:text></number:number-style><number:number-style style:name="N247P2" style:volatile="true"><loext:text> </loext:text><loext:fill-character> </loext:fill-character><number:text>- </number:text></number:number-style><number:text-style style:name="N247"><number:text-content/><number:text> </number:text><style:map style:condition="value()&gt;0" style:apply-style-name="N247P0"/><style:map style:condition="value()&lt;0" style:apply-style-name="N247P1"/><style:map style:condition="value()=0" style:apply-style-name="N247P2"/></number:text-style><number:number-style style:name="N248P0" style:volatile="true"><loext:text> $</loext:text><loext:fill-character> </loext:fill-character><number:number number:decimal-places="2" loext:min-decimal-places="2" number:min-integer-digits="1" number:grouping="true"/><number:text> </number:text></number:number-style><number:number-style style:name="N248P1" style:volatile="true"><loext:text> $</loext:text><loext:fill-character> </loext:fill-character><number:text>(</number:text><number:number number:decimal-places="2" loext:min-decimal-places="2" number:min-integer-digits="1" number:grouping="true"/><number:text>)</number:text></number:number-style><number:number-style style:name="N248P2" style:volatile="true"><loext:text> $</loext:text><loext:fill-character> </loext:fill-character><number:text>-</number:text><number:number number:decimal-places="0" loext:min-decimal-places="0" number:min-integer-digits="0"/><number:text> </number:text></number:number-style><number:text-style style:name="N248"><number:text-content/><number:text> </number:text><style:map style:condition="value()&gt;0" style:apply-style-name="N248P0"/><style:map style:condition="value()&lt;0" style:apply-style-name="N248P1"/><style:map style:condition="value()=0" style:apply-style-name="N248P2"/></number:text-style><number:number-style style:name="N249P0" style:volatile="true"><loext:text> </loext:text><loext:fill-character> </loext:fill-character><number:number number:decimal-places="2" loext:min-decimal-places="2" number:min-integer-digits="1" number:grouping="true"/><number:text> </number:text></number:number-style><number:number-style style:name="N249P1" style:volatile="true"><loext:text> </loext:text><loext:fill-character> </loext:fill-character><number:text>(</number:text><number:number number:decimal-places="2" loext:min-decimal-places="2" number:min-integer-digits="1" number:grouping="true"/><number:text>)</number:text></number:number-style><number:number-style style:name="N249P2" style:volatile="true"><loext:text> </loext:text><loext:fill-character> </loext:fill-character><number:text>-</number:text><number:number number:decimal-places="0" loext:min-decimal-places="0" number:min-integer-digits="0"/><number:text> </number:text></number:number-style><number:text-style style:name="N249"><number:text-content/><number:text> </number:text><style:map style:condition="value()&gt;0" style:apply-style-name="N249P0"/><style:map style:condition="value()&lt;0" style:apply-style-name="N249P1"/><style:map style:condition="value()=0" style:apply-style-name="N249P2"/></number:text-style><number:number-style style:name="N250"><number:number number:decimal-places="0" loext:min-decimal-places="0" number:min-integer-digits="2"/></number:number-style><number:date-style style:name="N10107" number:language="fr" number:country="FR"><number:day number:style="long"/><number:text>-</number:text><number:month number:textual="true"/><number:text>-</number:text><number:year/></number:date-style><number:date-style style:name="N10108" number:language="fr" number:country="FR"><number:day number:style="long"/><number:text>-</number:text><number:month number:textual="true"/></number:date-style><number:date-style style:name="N10109" number:language="fr" number:country="FR"><number:month number:textual="true"/><number:text>-</number:text><number:year/></number:date-style><number:time-style style:name="N10110" number:language="fr" number:country="FR"><number:hours/><number:text>:</number:text><number:minutes number:style="long"/><number:text> </number:text><number:am-pm/></number:time-style><number:time-style style:name="N10111" number:language="fr" number:country="FR"><number:hours/><number:text>:</number:text><number:minutes number:style="long"/><number:text>:</number:text><number:seconds number:style="long"/><number:text> </number:text><number:am-pm/></number:time-style><number:date-style style:name="N10112" number:language="fr" number:country="FR"><number:day number:style="long"/><number:text>/</number:text><number:month number:style="long"/><number:text>/</number:text><number:year number:style="long"/><number:text> </number:text><number:hours number:style="long"/><number:text>:</number:text><number:minutes number:style="long"/></number:date-style><number:number-style style:name="N10114P0" style:volatile="true" number:language="fr" number:country="FR"><number:number number:decimal-places="0" loext:min-decimal-places="0" number:min-integer-digits="1" number:grouping="true"/><number:text>   </number:text></number:number-style><number:number-style style:name="N10114" number:language="fr" number:country="FR"><number:text>-</number:text><number:number number:decimal-places="0" loext:min-decimal-places="0" number:min-integer-digits="1" number:grouping="true"/><number:text>   </number:text><style:map style:condition="value()&gt;=0" style:apply-style-name="N10114P0"/></number:number-style><number:number-style style:name="N10115P0" style:volatile="true" number:language="fr" number:country="FR"><number:number number:decimal-places="0" loext:min-decimal-places="0" number:min-integer-digits="1" number:grouping="true"/><number:text>   </number:text></number:number-style><number:number-style style:name="N10115" number:language="fr" number:country="FR"><style:text-properties fo:color="#ff0000"/><number:text>-</number:text><number:number number:decimal-places="0" loext:min-decimal-places="0" number:min-integer-digits="1" number:grouping="true"/><number:text>   </number:text><style:map style:condition="value()&gt;=0" style:apply-style-name="N10115P0"/></number:number-style><number:number-style style:name="N10117P0" style:volatile="true" number:language="fr" number:country="FR"><number:number number:decimal-places="2" loext:min-decimal-places="2" number:min-integer-digits="1" number:grouping="true"/><number:text>   </number:text></number:number-style><number:number-style style:name="N10117" number:language="fr" number:country="FR"><number:text>-</number:text><number:number number:decimal-places="2" loext:min-decimal-places="2" number:min-integer-digits="1" number:grouping="true"/><number:text>   </number:text><style:map style:condition="value()&gt;=0" style:apply-style-name="N10117P0"/></number:number-style><number:number-style style:name="N10118P0" style:volatile="true" number:language="fr" number:country="FR"><number:number number:decimal-places="2" loext:min-decimal-places="2" number:min-integer-digits="1" number:grouping="true"/><number:text>   </number:text></number:number-style><number:number-style style:name="N10118" number:language="fr" number:country="FR"><style:text-properties fo:color="#ff0000"/><number:text>-</number:text><number:number number:decimal-places="2" loext:min-decimal-places="2" number:min-integer-digits="1" number:grouping="true"/><number:text>   </number:text><style:map style:condition="value()&gt;=0" style:apply-style-name="N10118P0"/></number:number-style><number:number-style style:name="N10120P0" style:volatile="true" number:language="fr" number:country="FR"><number:number number:decimal-places="0" loext:min-decimal-places="0" number:min-integer-digits="1" number:grouping="true"/><number:text> €</number:text></number:number-style><number:number-style style:name="N10120" number:language="fr" number:country="FR"><number:text>-</number:text><number:number number:decimal-places="0" loext:min-decimal-places="0" number:min-integer-digits="1" number:grouping="true"/><number:text> €</number:text><style:map style:condition="value()&gt;=0" style:apply-style-name="N10120P0"/></number:number-style><number:number-style style:name="N10121P0" style:volatile="true" number:language="fr" number:country="FR"><number:number number:decimal-places="0" loext:min-decimal-places="0" number:min-integer-digits="1" number:grouping="true"/><number:text> €</number:text></number:number-style><number:number-style style:name="N10121" number:language="fr" number:country="FR"><style:text-properties fo:color="#ff0000"/><number:text>-</number:text><number:number number:decimal-places="0" loext:min-decimal-places="0" number:min-integer-digits="1" number:grouping="true"/><number:text> €</number:text><style:map style:condition="value()&gt;=0" style:apply-style-name="N10121P0"/></number:number-style><number:number-style style:name="N10123P0" style:volatile="true" number:language="fr" number:country="FR"><number:number number:decimal-places="2" loext:min-decimal-places="2" number:min-integer-digits="1" number:grouping="true"/><number:text> €</number:text></number:number-style><number:number-style style:name="N10123" number:language="fr" number:country="FR"><number:text>-</number:text><number:number number:decimal-places="2" loext:min-decimal-places="2" number:min-integer-digits="1" number:grouping="true"/><number:text> €</number:text><style:map style:condition="value()&gt;=0" style:apply-style-name="N10123P0"/></number:number-style><number:number-style style:name="N10124P0" style:volatile="true" number:language="fr" number:country="FR"><number:number number:decimal-places="2" loext:min-decimal-places="2" number:min-integer-digits="1" number:grouping="true"/><number:text> €</number:text></number:number-style><number:number-style style:name="N10124" number:language="fr" number:country="FR"><style:text-properties fo:color="#ff0000"/><number:text>-</number:text><number:number number:decimal-places="2" loext:min-decimal-places="2" number:min-integer-digits="1" number:grouping="true"/><number:text> €</number:text><style:map style:condition="value()&gt;=0" style:apply-style-name="N10124P0"/></number:number-style><number:number-style style:name="N10127P0" style:volatile="true" number:language="fr" number:country="FR"><loext:fill-character> </loext:fill-character><number:number number:decimal-places="0" loext:min-decimal-places="0" number:min-integer-digits="1" number:grouping="true"/><number:text>    </number:text></number:number-style><number:number-style style:name="N10127P1" style:volatile="true" number:language="fr" number:country="FR"><loext:fill-character> </loext:fill-character><number:number number:decimal-places="0" loext:min-decimal-places="0" number:min-integer-digits="1" number:grouping="true"/><number:text>    </number:text></number:number-style><number:number-style style:name="N10127P2" style:volatile="true" number:language="fr" number:country="FR"><loext:fill-character> </loext:fill-character><number:text>-    </number:text></number:number-style><number:text-style style:name="N10127" number:language="fr" number:country="FR"><number:text-content/><number:text> </number:text><style:map style:condition="value()&gt;0" style:apply-style-name="N10127P0"/><style:map style:condition="value()&lt;0" style:apply-style-name="N10127P1"/><style:map style:condition="value()=0" style:apply-style-name="N10127P2"/></number:text-style><number:number-style style:name="N10130P0" style:volatile="true" number:language="fr" number:country="FR"><loext:fill-character> </loext:fill-character><number:number number:decimal-places="0" loext:min-decimal-places="0" number:min-integer-digits="1" number:grouping="true"/><number:text> € </number:text></number:number-style><number:number-style style:name="N10130P1" style:volatile="true" number:language="fr" number:country="FR"><loext:fill-character> </loext:fill-character><number:number number:decimal-places="0" loext:min-decimal-places="0" number:min-integer-digits="1" number:grouping="true"/><number:text> € </number:text></number:number-style><number:number-style style:name="N10130P2" style:volatile="true" number:language="fr" number:country="FR"><loext:fill-character> </loext:fill-character><number:text>- € </number:text></number:number-style><number:text-style style:name="N10130" number:language="fr" number:country="FR"><number:text-content/><number:text> </number:text><style:map style:condition="value()&gt;0" style:apply-style-name="N10130P0"/><style:map style:condition="value()&lt;0" style:apply-style-name="N10130P1"/><style:map style:condition="value()=0" style:apply-style-name="N10130P2"/></number:text-style><number:number-style style:name="N10133P0" style:volatile="true" number:language="fr" number:country="FR"><loext:fill-character> </loext:fill-character><number:number number:decimal-places="2" loext:min-decimal-places="2" number:min-integer-digits="1" number:grouping="true"/><number:text>    </number:text></number:number-style><number:number-style style:name="N10133P1" style:volatile="true" number:language="fr" number:country="FR"><loext:fill-character> </loext:fill-character><number:number number:decimal-places="2" loext:min-decimal-places="2" number:min-integer-digits="1" number:grouping="true"/><number:text>    </number:text></number:number-style><number:number-style style:name="N10133P2" style:volatile="true" number:language="fr" number:country="FR"><loext:fill-character> </loext:fill-character><number:text>-</number:text><number:number number:decimal-places="0" loext:min-decimal-places="0" number:min-integer-digits="0"/><number:text>    </number:text></number:number-style><number:text-style style:name="N10133" number:language="fr" number:country="FR"><number:text-content/><number:text> </number:text><style:map style:condition="value()&gt;0" style:apply-style-name="N10133P0"/><style:map style:condition="value()&lt;0" style:apply-style-name="N10133P1"/><style:map style:condition="value()=0" style:apply-style-name="N10133P2"/></number:text-style><number:number-style style:name="N10136P0" style:volatile="true" number:language="fr" number:country="FR"><loext:fill-character> </loext:fill-character><number:number number:decimal-places="2" loext:min-decimal-places="2" number:min-integer-digits="1" number:grouping="true"/><number:text> € </number:text></number:number-style><number:number-style style:name="N10136P1" style:volatile="true" number:language="fr" number:country="FR"><loext:fill-character> </loext:fill-character><number:number number:decimal-places="2" loext:min-decimal-places="2" number:min-integer-digits="1" number:grouping="true"/><number:text> € </number:text></number:number-style><number:number-style style:name="N10136P2" style:volatile="true" number:language="fr" number:country="FR"><loext:fill-character> </loext:fill-character><number:text>-</number:text><number:number number:decimal-places="0" loext:min-decimal-places="0" number:min-integer-digits="0"/><number:text> € </number:text></number:number-style><number:text-style style:name="N10136" number:language="fr" number:country="FR"><number:text-content/><number:text> </number:text><style:map style:condition="value()&gt;0" style:apply-style-name="N10136P0"/><style:map style:condition="value()&lt;0" style:apply-style-name="N10136P1"/><style:map style:condition="value()=0" style:apply-style-name="N10136P2"/></number:text-style><style:style style:name="Default" style:family="table-cell"><style:text-properties style:font-name-asian="Microsoft YaHei" style:font-family-asian="&apos;Microsoft YaHei&apos;" style:font-family-generic-asian="system" style:font-pitch-asian="variable" style:font-name-complex="Arial" style:font-family-complex="Arial" style:font-family-generic-complex="system" style:font-pitch-complex="variable"/></style:style><style:style style:name="Heading_20__28_user_29_" style:display-name="Heading (user)" style:family="table-cell" style:parent-style-name="Default"><style:text-properties fo:color="#000000" fo:font-size="24pt" fo:font-style="normal" fo:font-weight="bold"/></style:style><style:style style:name="Heading_20_1" style:display-name="Heading 1" style:family="table-cell" style:parent-style-name="Heading_20__28_user_29_"><style:text-properties fo:color="#000000" fo:font-size="18pt" fo:font-style="normal" fo:font-weight="normal"/></style:style><style:style style:name="Heading_20_2" style:display-name="Heading 2" style:family="table-cell" style:parent-style-name="Heading_20__28_user_29_"><style:text-properties fo:color="#000000" fo:font-size="12pt" fo:font-style="normal" fo:font-weight="normal"/></style:style><style:style style:name="Text" style:family="table-cell" style:parent-style-name="Default"/><style:style style:name="Note" style:family="table-cell" style:parent-style-name="Text"><style:table-cell-properties fo:background-color="#ffffcc" style:diagonal-bl-tr="none" style:diagonal-tl-br="none" fo:border="0.74pt solid #808080"/><style:text-properties fo:color="#333333" fo:font-size="10pt" fo:font-style="normal" fo:font-weight="normal"/></style:style><style:style style:name="Footnote" style:family="table-cell" style:parent-style-name="Text"><style:text-properties fo:color="#808080" fo:font-size="10pt" fo:font-style="italic" fo:font-weight="normal"/></style:style><style:style style:name="Hyperlink" style:family="table-cell" style:parent-style-name="Text"><style:text-properties fo:color="#0000ee" fo:font-size="10pt" fo:font-style="normal" style:text-underline-style="solid" style:text-underline-width="auto" style:text-underline-color="#0000ee" fo:font-weight="normal"/></style:style><style:style style:name="Status" style:family="table-cell" style:parent-style-name="Default"/><style:style style:name="Good" style:family="table-cell" style:parent-style-name="Status"><style:table-cell-properties fo:background-color="#ccffcc"/><style:text-properties fo:color="#006600" fo:font-size="10pt" fo:font-style="normal" fo:font-weight="normal"/></style:style><style:style style:name="Neutral" style:family="table-cell" style:parent-style-name="Status"><style:table-cell-properties fo:background-color="#ffffcc"/><style:text-properties fo:color="#996600" fo:font-size="10pt" fo:font-style="normal" fo:font-weight="normal"/></style:style><style:style style:name="Bad" style:family="table-cell" style:parent-style-name="Status"><style:table-cell-properties fo:background-color="#ffcccc"/><style:text-properties fo:color="#cc0000" fo:font-size="10pt" fo:font-style="normal" fo:font-weight="normal"/></style:style><style:style style:name="Warning" style:family="table-cell" style:parent-style-name="Status"><style:text-properties fo:color="#cc0000" fo:font-size="10pt" fo:font-style="normal" fo:font-weight="normal"/></style:style><style:style style:name="Error" style:family="table-cell" style:parent-style-name="Status"><style:table-cell-properties fo:background-color="#cc0000"/><style:text-properties fo:color="#ffffff" fo:font-size="10pt" fo:font-style="normal" fo:font-weight="bold"/></style:style><style:style style:name="Accent" style:family="table-cell" style:parent-style-name="Default"><style:text-properties fo:color="#000000" fo:font-size="10pt" fo:font-style="normal" fo:font-weight="bold"/></style:style><style:style style:name="Accent_20_1" style:display-name="Accent 1" style:family="table-cell" style:parent-style-name="Accent"><style:table-cell-properties fo:background-color="#000000"/><style:text-properties fo:color="#ffffff" fo:font-size="10pt" fo:font-style="normal" fo:font-weight="normal"/></style:style><style:style style:name="Accent_20_2" style:display-name="Accent 2" style:family="table-cell" style:parent-style-name="Accent"><style:table-cell-properties fo:background-color="#808080"/><style:text-properties fo:color="#ffffff" fo:font-size="10pt" fo:font-style="normal" fo:font-weight="normal"/></style:style><style:style style:name="Accent_20_3" style:display-name="Accent 3" style:family="table-cell" style:parent-style-name="Accent"><style:table-cell-properties fo:background-color="#dddddd"/></style:style><draw:marker draw:name="Extrémités_20_de_20_flèche_20_1" draw:display-name="Extrémités de flèche 1" svg:viewBox="0 0 20 30" svg:d="M10 0l-10 30h20z"/></office:styles><office:automatic-styles><style:page-layout style:name="Mpm1"><style:page-layout-properties fo:page-width="29.7cm" fo:page-height="21.001cm" style:num-format="1" style:print-orientation="landscape" style:writing-mode="lr-tb"/><style:header-style><style:header-footer-properties fo:min-height="0.75cm" fo:margin-left="0cm" fo:margin-right="0cm" fo:margin-bottom="0.25cm"/></style:header-style><style:footer-style><style:header-footer-properties fo:min-height="0.75cm" fo:margin-left="0cm" fo:margin-right="0cm" fo:margin-top="0.25cm"/></style:footer-style></style:page-layout><style:page-layout style:name="Mpm2"><style:page-layout-properties style:writing-mode="lr-tb"/><style:header-style><style:header-footer-properties fo:min-height="0.75cm" fo:margin-left="0cm" fo:margin-right="0cm" fo:margin-bottom="0.25cm" fo:border="2.49pt solid #000000" fo:padding="0.018cm" fo:background-color="#c0c0c0"><style:background-image/></style:header-footer-properties></style:header-style><style:footer-style><style:header-footer-properties fo:min-height="0.75cm" fo:margin-left="0cm" fo:margin-right="0cm" fo:margin-top="0.25cm" fo:border="2.49pt solid #000000" fo:padding="0.018cm" fo:background-color="#c0c0c0"><style:background-image/></style:header-footer-properties></style:footer-style></style:page-layout></office:automatic-styles><office:master-styles><style:master-page style:name="Default" style:page-layout-name="Mpm1"><style:header><text:p><text:sheet-name>???</text:sheet-name></text:p></style:header><style:header-left style:display="false"/><style:footer><text:p>Page <text:page-number>1</text:page-number></text:p></style:footer><style:footer-left style:display="false"/></style:master-page><style:master-page style:name="Report" style:page-layout-name="Mpm2"><style:header><style:region-left><text:p><text:sheet-name>???</text:sheet-name><text:s/>(<text:title>???</text:title>)</text:p></style:region-left><style:region-right><text:p><text:date style:data-style-name="N2" text:date-value="2021-04-15">00/00/0000</text:date>, <text:time style:data-style-name="N2" text:time-value="10:11:49.433000000">00:00:00</text:time></text:p></style:region-right></style:header><style:header-left style:display="false"/><style:footer><text:p>Page <text:page-number>1</text:page-number><text:s/>/ <text:page-count>99</text:page-count></text:p></style:footer><style:footer-left style:display="false"/></style:master-page></office:master-styles></office:document-styles>